ORG_NAME,ACADEMIC_COURSE_ID,COURSE_NAME,STREAM,SESSION,REGN_NO,RROLL,CNAME,GENDER,DOB,FNAME,MNAME,PHOTO,MRKS_REC_STATUS,RESULT,YEAR,CSV_MONTH,MONTH,PERCENT,DOI,CERT_NO,SEM,EXAM_TYPE,TOT_CREDIT,TOT_CREDIT_POINTS,CGPA,ABC_ACCOUNT_ID,TERM_TYPE,TOT_GRADE,DEPARTMENT,SUB1NM,SUB1,SUB1MAX,SUB1MIN,SUB1_TH_MAX,SUB1_VV_MRKS,SUB1_PR_CE_MRKS,SUB1_TH_MIN,SUB1_PR_MAX,SUB1_PR_MIN,SUB1_CE_MAX,SUB1_CE_MIN,SUB1_TH_MRKS,SUB1_PR_MRKS,SUB1_CE_MRKS,SUB1_TOT,SUB1_GRADE,SUB1_GRADE_POINTS,SUB1_CREDIT,SUB1_CREDIT_POINTS,SUB1_REMARKS,SUB1_VV_MIN,SUB1_VV_MAX,SUB1_TH_CE_MRKS,SUB1_CREDIT_ELIGIBILITY,SUB2NM,SUB2,SUB2MAX,SUB2MIN,SUB2_TH_MAX,SUB2_VV_MRKS,SUB2_PR_CE_MRKS,SUB2_TH_MIN,SUB2_PR_MAX,SUB2_PR_MIN,SUB2_CE_MAX,SUB2_CE_MIN,SUB2_TH_MRKS,SUB2_PR_MRKS,SUB2_CE_MRKS,SUB2_TOT,SUB2_GRADE,SUB2_GRADE_POINTS,SUB2_CREDIT,SUB2_CREDIT_POINTS,SUB2_REMARKS,SUB2_VV_MIN,SUB2_VV_MAX,SUB2_TH_CE_MRKS,SUB2_CREDIT_ELIGIBILITY,SUB3NM,SUB3,SUB3MAX,SUB3MIN,SUB3_TH_MAX,SUB3_VV_MRKS,SUB3_PR_CE_MRKS,SUB3_TH_MIN,SUB3_PR_MAX,SUB3_PR_MIN,SUB3_CE_MAX,SUB3_CE_MIN,SUB3_TH_MRKS,SUB3_PR_MRKS,SUB3_CE_MRKS,SUB3_TOT,SUB3_GRADE,SUB3_GRADE_POINTS,SUB3_CREDIT,SUB3_CREDIT_POINTS,SUB3_REMARKS,SUB3_VV_MIN,SUB3_VV_MAX,SUB3_TH_CE_MRKS,SUB3_CREDIT_ELIGIBILITY,SUB4NM,SUB4,SUB4MAX,SUB4MIN,SUB4_TH_MAX,SUB4_VV_MRKS,SUB4_PR_CE_MRKS,SUB4_TH_MIN,SUB4_PR_MAX,SUB4_PR_MIN,SUB4_CE_MAX,SUB4_CE_MIN,SUB4_TH_MRKS,SUB4_PR_MRKS,SUB4_CE_MRKS,SUB4_TOT,SUB4_GRADE,SUB4_GRADE_POINTS,SUB4_CREDIT,SUB4_CREDIT_POINTS,SUB4_REMARKS,SUB4_VV_MIN,SUB4_VV_MAX,SUB4_TH_CE_MRKS,SUB4_CREDIT_ELIGIBILITY,SUB5NM,SUB5,SUB5MAX,SUB5MIN,SUB5_TH_MAX,SUB5_VV_MRKS,SUB5_PR_CE_MRKS,SUB5_TH_MIN,SUB5_PR_MAX,SUB5_PR_MIN,SUB5_CE_MAX,SUB5_CE_MIN,SUB5_TH_MRKS,SUB5_PR_MRKS,SUB5_CE_MRKS,SUB5_TOT,SUB5_GRADE,SUB5_GRADE_POINTS,SUB5_CREDIT,SUB5_CREDIT_POINTS,SUB5_REMARKS,SUB5_VV_MIN,SUB5_VV_MAX,SUB5_TH_CE_MRKS,SUB5_CREDIT_ELIGIBILITY,SUB6NM,SUB6,SUB6MAX,SUB6MIN,SUB6_TH_MAX,SUB6_VV_MRKS,SUB6_PR_CE_MRKS,SUB6_TH_MIN,SUB6_PR_MAX,SUB6_PR_MIN,SUB6_CE_MAX,SUB6_CE_MIN,SUB6_TH_MRKS,SUB6_PR_MRKS,SUB6_CE_MRKS,SUB6_TOT,SUB6_GRADE,SUB6_GRADE_POINTS,SUB6_CREDIT,SUB6_CREDIT_POINTS,SUB6_REMARKS,SUB6_VV_MIN,SUB6_VV_MAX,SUB6_TH_CE_MRKS,SUB6_CREDIT_ELIGIBILITY,SUB7NM,SUB7,SUB7MAX,SUB7MIN,SUB7_TH_MAX,SUB7_VV_MRKS,SUB7_PR_CE_MRKS,SUB7_TH_MIN,SUB7_PR_MAX,SUB7_PR_MIN,SUB7_CE_MAX,SUB7_CE_MIN,SUB7_TH_MRKS,SUB7_PR_MRKS,SUB7_CE_MRKS,SUB7_TOT,SUB7_GRADE,SUB7_GRADE_POINTS,SUB7_CREDIT,SUB7_CREDIT_POINTS,SUB7_REMARKS,SUB7_VV_MIN,SUB7_VV_MAX,SUB7_TH_CE_MRKS,SUB7_CREDIT_ELIGIBILITY,SUB8NM,SUB8,SUB8MAX,SUB8MIN,SUB8_TH_MAX,SUB8_VV_MRKS,SUB8_PR_CE_MRKS,SUB8_TH_MIN,SUB8_PR_MAX,SUB8_PR_MIN,SUB8_CE_MAX,SUB8_CE_MIN,SUB8_TH_MRKS,SUB8_PR_MRKS,SUB8_CE_MRKS,SUB8_TOT,SUB8_GRADE,SUB8_GRADE_POINTS,SUB8_CREDIT,SUB8_CREDIT_POINTS,SUB8_REMARKS,SUB8_VV_MIN,SUB8_VV_MAX,SUB8_TH_CE_MRKS,SUB8_CREDIT_ELIGIBILITY,SUB9NM,SUB9,SUB9MAX,SUB9MIN,SUB9_TH_MAX,SUB9_VV_MRKS,SUB9_PR_CE_MRKS,SUB9_TH_MIN,SUB9_PR_MAX,SUB9_PR_MIN,SUB9_CE_MAX,SUB9_CE_MIN,SUB9_TH_MRKS,SUB9_PR_MRKS,SUB9_CE_MRKS,SUB9_TOT,SUB9_GRADE,SUB9_GRADE_POINTS,SUB9_CREDIT,SUB9_CREDIT_POINTS,SUB9_REMARKS,SUB9_VV_MIN,SUB9_VV_MAX,SUB9_TH_CE_MRKS,SUB9_CREDIT_ELIGIBILITY,SUB10NM,SUB10,SUB10MAX,SUB10MIN,SUB10_TH_MAX,SUB10_VV_MRKS,SUB10_PR_CE_MRKS,SUB10_TH_MIN,SUB10_PR_MAX,SUB10_PR_MIN,SUB10_CE_MAX,SUB10_CE_MIN,SUB10_TH_MRKS,SUB10_PR_MRKS,SUB10_CE_MRKS,SUB10_TOT,SUB10_GRADE,SUB10_GRADE_POINTS,SUB10_CREDIT,SUB10_CREDIT_POINTS,SUB10_REMARKS,SUB10_VV_MIN,SUB10_VV_MAX,SUB10_TH_CE_MRKS,SUB10_CREDIT_ELIGIBILITY,SUB11NM,SUB11,SUB11MAX,SUB11MIN,SUB11_TH_MAX,SUB11_VV_MRKS,SUB11_PR_CE_MRKS,SUB11_TH_MIN,SUB11_PR_MAX,SUB11_PR_MIN,SUB11_CE_MAX,SUB11_CE_MIN,SUB11_TH_MRKS,SUB11_PR_MRKS,SUB11_CE_MRKS,SUB11_TOT,SUB11_GRADE,SUB11_GRADE_POINTS,SUB11_CREDIT,SUB11_CREDIT_POINTS,SUB11_REMARKS,SUB11_VV_MIN,SUB11_VV_MAX,SUB11_TH_CE_MRKS,SUB11_CREDIT_ELIGIBILITY,SUB12NM,SUB12,SUB12MAX,SUB12MIN,SUB12_TH_MAX,SUB12_VV_MRKS,SUB12_PR_CE_MRKS,SUB12_TH_MIN,SUB12_PR_MAX,SUB12_PR_MIN,SUB12_CE_MAX,SUB12_CE_MIN,SUB12_TH_MRKS,SUB12_PR_MRKS,SUB12_CE_MRKS,SUB12_TOT,SUB12_GRADE,SUB12_GRADE_POINTS,SUB12_CREDIT,SUB12_CREDIT_POINTS,SUB12_REMARKS,SUB12_VV_MIN,SUB12_VV_MAX,SUB12_TH_CE_MRKS,SUB12_CREDIT_ELIGIBILITY,SUB13NM,SUB13,SUB13MAX,SUB13MIN,SUB13_TH_MAX,SUB13_VV_MRKS,SUB13_PR_CE_MRKS,SUB13_TH_MIN,SUB13_PR_MAX,SUB13_PR_MIN,SUB13_CE_MAX,SUB13_CE_MIN,SUB13_TH_MRKS,SUB13_PR_MRKS,SUB13_CE_MRKS,SUB13_TOT,SUB13_GRADE,SUB13_GRADE_POINTS,SUB13_CREDIT,SUB13_CREDIT_POINTS,SUB13_REMARKS,SUB13_VV_MIN,SUB13_VV_MAX,SUB13_TH_CE_MRKS,SUB13_CREDIT_ELIGIBILITY,SUB14NM,SUB14,SUB14MAX,SUB14MIN,SUB14_TH_MAX,SUB14_VV_MRKS,SUB14_PR_CE_MRKS,SUB14_TH_MIN,SUB14_PR_MAX,SUB14_PR_MIN,SUB14_CE_MAX,SUB14_CE_MIN,SUB14_TH_MRKS,SUB14_PR_MRKS,SUB14_CE_MRKS,SUB14_TOT,SUB14_GRADE,SUB14_GRADE_POINTS,SUB14_CREDIT,SUB14_CREDIT_POINTS,SUB14_REMARKS,SUB14_VV_MIN,SUB14_VV_MAX,SUB14_TH_CE_MRKS,SUB14_CREDIT_ELIGIBILITY,SUB15NM,SUB15,SUB15MAX,SUB15MIN,SUB15_TH_MAX,SUB15_VV_MRKS,SUB15_PR_CE_MRKS,SUB15_TH_MIN,SUB15_PR_MAX,SUB15_PR_MIN,SUB15_CE_MAX,SUB15_CE_MIN,SUB15_TH_MRKS,SUB15_PR_MRKS,SUB15_CE_MRKS,SUB15_TOT,SUB15_GRADE,SUB15_GRADE_POINTS,SUB15_CREDIT,SUB15_CREDIT_POINTS,SUB15_REMARKS,SUB15_VV_MIN,SUB15_VV_MAX,SUB15_TH_CE_MRKS,SUB15_CREDIT_ELIGIBILITY,AADHAAR_NAME,ADMISSION_YEAR,UNSANI_URI_DATA_KEY,URI_DATA_KEY
J.K.K.NATARAJA COLLEGE OF ARTS & SCIENCE (AUTONOMOUS),UHI,B.A,HISTORY,2025-2028,25JUGHIS001,,BALACHANDIRAN S,M,3/2/2008,,,,O,,2026,APRIL,APRIL,,,,II,REGULAR,24,129.8,,897557230841,SEMESTER,,,GENERAL TAMIL-II,24UGTA02,100,40,75,,,30,,,25,0,19,,10,29,U,0,0,0,RA,,,,,GENERAL ENGLISH-II,24UGEN02,100,40,75,,,30,,,25,0,12,,10,22,U,0,0,0,RA,,,,,CORE-III-HISTORY OF MEDIEVAL INDIA 1206-1707 CE,24UHIC03,100,40,75,,,30,,,25,0,30,,20,50,B,5,5,25,P,,,,,CORE-IV-HISTORY OF TAMIL NADU FROM 1311-1801 CE,24UHIC04,100,40,75,,,30,,,25,0,42,,22,64,A,6.4,5,32,P,,,,,GENERIC ELECTIVE-II-GEOGRAPHY OF TAMIL NADU,24UGEGE2,100,40,75,,,30,,,25,0,38,,21,59,B,5.9,3,17.7,P,,,,,NME-II-ADVERTISING,24UCMNM2,100,40,75,,,30,,,25,0,31,,20,51,B,5.1,2,10.2,P,,,,,DISASTER MANAGEMENT,25UDIM01,100,40,75,,,30,,,25,0,35,,21,56,B,5.6,1,5.6,P,,,,,SEC-II INDIAN CONSTITUTION,25UHIS02,100,40,75,,,30,,,25,0,33,,20,53,B,5.3,1,5.3,P,,,,,GENERAL TAMIL-I,24UGTA01,100,40,75,,,30,,,25,0,19,,13,32,U,0,0,0,RA,,,,,CORE-II-HISTORY OF TAMIL NADU UPTO 1311 CE,24UHIC02,100,40,75,,,30,,,25,0,30,,22,52,B,5.2,5,26,P,,,,,NME-I-BUSINESS ORGANISATION ,24UCMNM1,100,40,75,,,30,,,25,0,30,,10,40,C,4,2,8,P,,,,,,,,,,,,,,,,,,,,,,,,,,,,,,,,,,,,,,,,,,,,,,,,,,,,,,,,,,,,,,,,,,,,,,,,,,,,,,,,,,,,,,,,,,,,,,,,,,,,,,,,,,2025,,
J.K.K.NATARAJA COLLEGE OF ARTS & SCIENCE (AUTONOMOUS),UHI,B.A,HISTORY,2025-2028,25JUGHIS002,,BOOPATHI R,M,28-01-2008,,,,O,,2026,APRIL,APRIL,,,,II,REGULAR,23,123.3,,578779483828,SEMESTER,,,GENERAL TAMIL-II,24UGTA02,100,40,75,,,30,,,25,0,38,,10,48,C,4.8,3,14.4,P,,,,,GENERAL ENGLISH-II,24UGEN02,100,40,75,,,30,,,25,0,35,,11,46,C,4.6,3,13.8,P,,,,,CORE-III-HISTORY OF MEDIEVAL INDIA 1206-1707 CE,24UHIC03,100,40,75,,,30,,,25,0,33,,20,53,B,5.3,5,26.5,P,,,,,CORE-IV-HISTORY OF TAMIL NADU FROM 1311-1801 CE,24UHIC04,100,40,75,,,30,,,25,0,41,,18,59,B,5.9,5,29.5,P,,,,,GENERIC ELECTIVE-II-GEOGRAPHY OF TAMIL NADU,24UGEGE2,100,40,75,,,30,,,25,0,41,,18,59,B,5.9,3,17.7,P,,,,,NME-II-ADVERTISING,24UCMNM2,100,40,75,,,30,,,25,0,36,,19,55,B,5.5,2,11,P,,,,,DISASTER MANAGEMENT,25UDIM01,100,40,75,,,30,,,25,0,33,,17,50,B,5,1,5,P,,,,,SEC-II INDIAN CONSTITUTION,25UHIS02,100,40,75,,,30,,,25,0,34,,20,54,B,5.4,1,5.4,P,,,,,GENERAL TAMIL-I,24UGTA01,100,40,75,,,30,,,25,0,11,,10,21,U,0,0,0,RA,,,,,GENERAL ENGLISH-I,24UGEN01,100,40,75,,,30,,,25,0,17,,10,27,U,0,0,0,RA,,,,,,,,,,,,,,,,,,,,,,,,,,,,,,,,,,,,,,,,,,,,,,,,,,,,,,,,,,,,,,,,,,,,,,,,,,,,,,,,,,,,,,,,,,,,,,,,,,,,,,,,,,,,,,,,,,,,,,,,,,,,,,,,,,,2025,,
J.K.K.NATARAJA COLLEGE OF ARTS & SCIENCE (AUTONOMOUS),UHI,B.A,HISTORY,2025-2028,25JUGHIS004,,DHARSHINI S,F,15-07-2008,,,,O,,2026,APRIL,APRIL,,,,II,REGULAR,22,110,,896045115157,SEMESTER,,,GENERAL TAMIL-II,24UGTA02,100,40,75,,,30,,,25,0,30,,11,41,C,4.1,3,12.3,P,,,,,GENERAL ENGLISH-II,24UGEN02,100,40,75,,,30,,,25,0,14,,13,27,U,0,0,0,RA,,,,,CORE-III-HISTORY OF MEDIEVAL INDIA 1206-1707 CE,24UHIC03,100,40,75,,,30,,,25,0,30,,20,50,B,5,5,25,P,,,,,CORE-IV-HISTORY OF TAMIL NADU FROM 1311-1801 CE,24UHIC04,100,40,75,,,30,,,25,0,35,,18,53,B,5.3,5,26.5,P,,,,,GENERIC ELECTIVE-II-GEOGRAPHY OF TAMIL NADU,24UGEGE2,100,40,75,,,30,,,25,0,38,,18,56,B,5.6,3,16.8,P,,,,,NME-II-ADVERTISING,24UCMNM2,100,40,75,,,30,,,25,0,30,,21,51,B,5.1,2,10.2,P,,,,,DISASTER MANAGEMENT,25UDIM01,100,40,75,,,30,,,25,0,30,,17,47,C,4.7,1,4.7,P,,,,,SEC-II INDIAN CONSTITUTION,25UHIS02,100,40,75,,,30,,,25,0,30,,19,49,C,4.9,1,4.9,P,,,,,GENERAL TAMIL-I,24UGTA01,100,40,75,,,30,,,25,0,15,,13,28,U,0,0,0,RA,,,,,GENERAL ENGLISH-I,24UGEN01,100,40,75,,,30,,,25,0,18,,12,30,U,0,0,0,RA,,,,,NME-I-BUSINESS ORGANISATION ,24UCMNM1,100,40,75,,,30,,,25,0,30,,18,48,C,4.8,2,9.6,P,,,,,,,,,,,,,,,,,,,,,,,,,,,,,,,,,,,,,,,,,,,,,,,,,,,,,,,,,,,,,,,,,,,,,,,,,,,,,,,,,,,,,,,,,,,,,,,,,,,,,,,,,,2025,,
J.K.K.NATARAJA COLLEGE OF ARTS & SCIENCE (AUTONOMOUS),UHI,B.A,HISTORY,2025-2028,25JUGHIS005,,DHARSINI K,F,18-10-2007,,,,O,,2026,APRIL,APRIL,,,,II,REGULAR,15,73.6,,338546047657,SEMESTER,,,GENERAL TAMIL-II,24UGTA02,100,40,75,,,30,,,25,0,18,,10,28,U,0,0,0,RA,,,,,GENERAL ENGLISH-II,24UGEN02,100,40,75,,,30,,,25,0,10,,12,22,U,0,0,0,RA,,,,,CORE-III-HISTORY OF MEDIEVAL INDIA 1206-1707 CE,24UHIC03,100,40,75,,,30,,,25,0,17,,20,37,U,0,0,0,RA,,,,,CORE-IV-HISTORY OF TAMIL NADU FROM 1311-1801 CE,24UHIC04,100,40,75,,,30,,,25,0,30,,18,48,C,4.8,5,24,P,,,,,GENERIC ELECTIVE-II-GEOGRAPHY OF TAMIL NADU,24UGEGE2,100,40,75,,,30,,,25,0,38,,17,55,B,5.5,3,16.5,P,,,,,NME-II-ADVERTISING,24UCMNM2,100,40,75,,,30,,,25,0,30,,16,46,C,4.6,2,9.2,P,,,,,DISASTER MANAGEMENT,25UDIM01,100,40,75,,,30,,,25,0,30,,17,47,C,4.7,1,4.7,P,,,,,SEC-II INDIAN CONSTITUTION,25UHIS02,100,40,75,,,30,,,25,0,38,,19,57,B,5.7,1,5.7,P,,,,,GENERAL TAMIL-I,24UGTA01,100,40,75,,,30,,,25,0,16,,13,29,U,0,0,0,RA,,,,,GENERAL ENGLISH-I,24UGEN01,100,40,75,,,30,,,25,0,31,,14,45,C,4.5,3,13.5,P,,,,,NME-I-BUSINESS ORGANISATION ,24UCMNM1,100,40,75,,,30,,,25,0,17,,18,35,U,0,0,0,RA,,,,,,,,,,,,,,,,,,,,,,,,,,,,,,,,,,,,,,,,,,,,,,,,,,,,,,,,,,,,,,,,,,,,,,,,,,,,,,,,,,,,,,,,,,,,,,,,,,,,,,,,,,2025,,
J.K.K.NATARAJA COLLEGE OF ARTS & SCIENCE (AUTONOMOUS),UHI,B.A,HISTORY,2025-2028,25JUGHIS007,,DIVYADHARSHINI R,F,9/8/2008,,,,O,,2026,APRIL,APRIL,,,,II,REGULAR,20,108,,604697032523,SEMESTER,,,GENERAL TAMIL-II,24UGTA02,100,40,75,,,30,,,25,0,34,,11,45,C,4.5,3,13.5,P,,,,,GENERAL ENGLISH-II,24UGEN02,100,40,75,,,30,,,25,0,13,,15,28,U,0,0,0,RA,,,,,CORE-III-HISTORY OF MEDIEVAL INDIA 1206-1707 CE,24UHIC03,100,40,75,,,30,,,25,0,30,,20,50,B,5,5,25,P,,,,,CORE-IV-HISTORY OF TAMIL NADU FROM 1311-1801 CE,24UHIC04,100,40,75,,,30,,,25,0,30,,23,53,B,5.3,5,26.5,P,,,,,GENERIC ELECTIVE-II-GEOGRAPHY OF TAMIL NADU,24UGEGE2,100,40,75,,,30,,,25,0,52,,19,71,A+,7.1,3,21.3,P,,,,,NME-II-ADVERTISING,24UCMNM2,100,40,75,,,30,,,25,0,31,,21,52,B,5.2,2,10.4,P,,,,,DISASTER MANAGEMENT,25UDIM01,100,40,75,,,30,,,25,0,35,,22,57,B,5.7,1,5.7,P,,,,,SEC-II INDIAN CONSTITUTION,25UHIS02,100,40,75,,,30,,,25,0,34,,22,56,B,5.6,1,5.6,P,,,,,GENERAL TAMIL-I,24UGTA01,100,40,75,,,30,,,25,0,17,,13,30,U,0,0,0,RA,,,,,GENERAL ENGLISH-I,24UGEN01,100,40,75,,,30,,,25,0,17,,14,31,U,0,0,0,RA,,,,,CORE-II-HISTORY OF TAMIL NADU UPTO 1311 CE,24UHIC02,100,40,75,,,30,,,25,0,20,,22,42,U,0,0,0,RA,,,,,,,,,,,,,,,,,,,,,,,,,,,,,,,,,,,,,,,,,,,,,,,,,,,,,,,,,,,,,,,,,,,,,,,,,,,,,,,,,,,,,,,,,,,,,,,,,,,,,,,,,,2025,,
J.K.K.NATARAJA COLLEGE OF ARTS & SCIENCE (AUTONOMOUS),UHI,B.A,HISTORY,2025-2028,25JUGHIS008,,ELAKKIYA S,F,15-07-2008,,,,O,,2026,APRIL,APRIL,,,,II,REGULAR,22,115.6,,759011614825,SEMESTER,,,GENERAL TAMIL-II,24UGTA02,100,40,75,,,30,,,25,0,32,,11,43,C,4.3,3,12.9,P,,,,,GENERAL ENGLISH-II,24UGEN02,100,40,75,,,30,,,25,0,17,,22,39,U,0,0,0,RA,,,,,CORE-III-HISTORY OF MEDIEVAL INDIA 1206-1707 CE,24UHIC03,100,40,75,,,30,,,25,0,30,,22,52,B,5.2,5,26,P,,,,,CORE-IV-HISTORY OF TAMIL NADU FROM 1311-1801 CE,24UHIC04,100,40,75,,,30,,,25,0,36,,22,58,B,5.8,5,29,P,,,,,GENERIC ELECTIVE-II-GEOGRAPHY OF TAMIL NADU,24UGEGE2,100,40,75,,,30,,,25,0,35,,19,54,B,5.4,3,16.2,P,,,,,NME-II-ADVERTISING,24UCMNM2,100,40,75,,,30,,,25,0,33,,18,51,B,5.1,2,10.2,P,,,,,DISASTER MANAGEMENT,25UDIM01,100,40,75,,,30,,,25,0,37,,22,59,B,5.9,1,5.9,P,,,,,SEC-II INDIAN CONSTITUTION,25UHIS02,100,40,75,,,30,,,25,0,36,,22,58,B,5.8,1,5.8,P,,,,,GENERAL TAMIL-I,24UGTA01,100,40,75,,,30,,,25,0,15,,14,29,U,0,0,0,RA,,,,,GENERAL ENGLISH-I,24UGEN01,100,40,75,,,30,,,25,0,16,,13,29,U,0,0,0,RA,,,,,NME-I-BUSINESS ORGANISATION ,24UCMNM1,100,40,75,,,30,,,25,0,30,,18,48,C,4.8,2,9.6,P,,,,,,,,,,,,,,,,,,,,,,,,,,,,,,,,,,,,,,,,,,,,,,,,,,,,,,,,,,,,,,,,,,,,,,,,,,,,,,,,,,,,,,,,,,,,,,,,,,,,,,,,,,2025,,
J.K.K.NATARAJA COLLEGE OF ARTS & SCIENCE (AUTONOMOUS),UHI,B.A,HISTORY,2025-2028,25JUGHIS009,,ELAVARASI C,F,8/4/2007,,,,O,,2026,APRIL,APRIL,,,,II,REGULAR,10,50.5,,885147952893,SEMESTER,,,GENERAL TAMIL-II,24UGTA02,100,40,75,,,30,,,25,0,17,,11,28,U,0,0,0,RA,,,,,GENERAL ENGLISH-II,24UGEN02,100,40,75,,,30,,,25,0,18,,18,36,U,0,0,0,RA,,,,,CORE-III-HISTORY OF MEDIEVAL INDIA 1206-1707 CE,24UHIC03,100,40,75,,,30,,,25,0,20,,21,41,U,0,0,0,RA,,,,,CORE-IV-HISTORY OF TAMIL NADU FROM 1311-1801 CE,24UHIC04,100,40,75,,,30,,,25,0,31,,20,51,B,5.1,5,25.5,P,,,,,GENERIC ELECTIVE-II-GEOGRAPHY OF TAMIL NADU,24UGEGE2,100,40,75,,,30,,,25,0,32,,18,50,B,5,3,15,P,,,,,NME-II-ADVERTISING,24UCMNM2,100,40,75,,,30,,,25,0,15,,21,36,U,0,0,0,RA,,,,,DISASTER MANAGEMENT,25UDIM01,100,40,75,,,30,,,25,0,30,,20,50,B,5,1,5,P,,,,,SEC-II INDIAN CONSTITUTION,25UHIS02,100,40,75,,,30,,,25,0,30,,20,50,B,5,1,5,P,,,,,GENERAL TAMIL-I,24UGTA01,100,40,75,,,30,,,25,0,13,,10,23,U,0,0,0,RA,,,,,GENERAL ENGLISH-I,24UGEN01,100,40,75,,,30,,,25,0,14,,10,24,U,0,0,0,RA,,,,,NME-I-BUSINESS ORGANISATION ,24UCMNM1,100,40,75,,,30,,,25,0,10,,17,27,U,0,0,0,RA,,,,,,,,,,,,,,,,,,,,,,,,,,,,,,,,,,,,,,,,,,,,,,,,,,,,,,,,,,,,,,,,,,,,,,,,,,,,,,,,,,,,,,,,,,,,,,,,,,,,,,,,,,2025,,
J.K.K.NATARAJA COLLEGE OF ARTS & SCIENCE (AUTONOMOUS),UHI,B.A,HISTORY,2025-2028,25JUGHIS010,,HARIPRIYA K,F,6/6/2008,,,,O,,2026,APRIL,APRIL,,,,II,REGULAR,8,37.1,,612156852901,SEMESTER,,,GENERAL TAMIL-II,24UGTA02,100,40,75,,,30,,,25,0,10,,10,20,U,0,0,0,RA,,,,,GENERAL ENGLISH-II,24UGEN02,100,40,75,,,30,,,25,0,15,,15,30,U,0,0,0,RA,,,,,CORE-III-HISTORY OF MEDIEVAL INDIA 1206-1707 CE,24UHIC03,100,40,75,,,30,,,25,0,12,,20,32,U,0,0,0,RA,,,,,CORE-IV-HISTORY OF TAMIL NADU FROM 1311-1801 CE,24UHIC04,100,40,75,,,30,,,25,0,22,,18,40,U,0,0,0,RA,,,,,GENERIC ELECTIVE-II-GEOGRAPHY OF TAMIL NADU,24UGEGE2,100,40,75,,,30,,,25,0,30,,17,47,C,4.7,3,14.1,P,,,,,NME-II-ADVERTISING,24UCMNM2,100,40,75,,,30,,,25,0,15,,22,37,U,0,0,0,RA,,,,,DISASTER MANAGEMENT,25UDIM01,100,40,75,,,30,,,25,0,30,,19,49,C,4.9,1,4.9,P,,,,,SEC-II INDIAN CONSTITUTION,25UHIS02,100,40,75,,,30,,,25,0,30,,19,49,C,4.9,1,4.9,P,,,,,GENERAL TAMIL-I,24UGTA01,100,40,75,,,30,,,25,0,6,,10,16,U,0,0,0,RA,,,,,GENERAL ENGLISH-I,24UGEN01,100,40,75,,,30,,,25,0,9,,10,19,U,0,0,0,RA,,,,,CORE-I-HISTORY OF ANCIENT INDIA UPTO 1206 CE,24UHIC01,100,40,75,,,30,,,25,0,10,,18,28,U,0,0,0,RA,,,,,CORE-II-HISTORY OF TAMIL NADU UPTO 1311 CE,24UHIC02,100,40,75,,,30,,,25,0,19,,18,37,U,0,0,0,RA,,,,,GENERIC ELECTIVE-I-GEOGRAPHY OF INDIA,24UGEGE1,100,40,75,,,30,,,25,0,30,,14,44,C,4.4,3,13.2,P,,,,,NME-I-BUSINESS ORGANISATION ,24UCMNM1,100,40,75,,,30,,,25,0,11,,10,21,U,0,0,0,RA,,,,,SEC-I-INTRODUCTION TO TOURISM,24UHIS01,100,40,75,,,30,,,25,0,9,,18,27,U,0,0,0,RA,,,,,,2025,,
J.K.K.NATARAJA COLLEGE OF ARTS & SCIENCE (AUTONOMOUS),UHI,B.A,HISTORY,2025-2028,25JUGHIS011,,HEMALATHA N,F,13-04-2008,,,,O,,2026,APRIL,APRIL,,,,II,REGULAR,9,46.4,,452442086892,SEMESTER,,,GENERAL TAMIL-II,24UGTA02,100,40,75,,,30,,,25,0,10,,10,20,U,0,0,0,RA,,,,,GENERAL ENGLISH-II,24UGEN02,100,40,75,,,30,,,25,0,16,,15,31,U,0,0,0,RA,,,,,CORE-III-HISTORY OF MEDIEVAL INDIA 1206-1707 CE,24UHIC03,100,40,75,,,30,,,25,0,3,,20,23,U,0,0,0,RA,,,,,CORE-IV-HISTORY OF TAMIL NADU FROM 1311-1801 CE,24UHIC04,100,40,75,,,30,,,25,0,31,,22,53,B,5.3,5,26.5,P,,,,,GENERIC ELECTIVE-II-GEOGRAPHY OF TAMIL NADU,24UGEGE2,100,40,75,,,30,,,25,0,30,,18,48,C,4.8,3,14.4,P,,,,,NME-II-ADVERTISING,24UCMNM2,100,40,75,,,30,,,25,0,16,,17,33,U,0,0,0,RA,,,,,DISASTER MANAGEMENT,25UDIM01,100,40,75,,,30,,,25,0,8,,22,30,U,0,0,0,RA,,,,,SEC-II INDIAN CONSTITUTION,25UHIS02,100,40,75,,,30,,,25,0,34,,21,55,B,5.5,1,5.5,P,,,,,GENERAL TAMIL-I,24UGTA01,100,40,75,,,30,,,25,0,9,,12,21,U,0,0,0,RA,,,,,GENERAL ENGLISH-I,24UGEN01,100,40,75,,,30,,,25,0,14,,15,29,U,0,0,0,RA,,,,,NME-I-BUSINESS ORGANISATION ,24UCMNM1,100,40,75,,,30,,,25,0,11,,14,25,U,0,0,0,RA,,,,,,,,,,,,,,,,,,,,,,,,,,,,,,,,,,,,,,,,,,,,,,,,,,,,,,,,,,,,,,,,,,,,,,,,,,,,,,,,,,,,,,,,,,,,,,,,,,,,,,,,,,2025,,
J.K.K.NATARAJA COLLEGE OF ARTS & SCIENCE (AUTONOMOUS),UHI,B.A,HISTORY,2025-2028,25JUGHIS012,,JOTHISVA RUBINI M S,F,20-10-2007,,,,O,,2026,APRIL,APRIL,,,,II,REGULAR,22,127.9,,882741879219,SEMESTER,,,GENERAL TAMIL-II,24UGTA02,100,40,75,,,30,,,25,0,14,,10,24,U,0,0,0,RA,,,,,GENERAL ENGLISH-II,24UGEN02,100,40,75,,,30,,,25,0,30,,17,47,C,4.7,3,14.1,P,,,,,CORE-III-HISTORY OF MEDIEVAL INDIA 1206-1707 CE,24UHIC03,100,40,75,,,30,,,25,0,30,,20,50,B,5,5,25,P,,,,,CORE-IV-HISTORY OF TAMIL NADU FROM 1311-1801 CE,24UHIC04,100,40,75,,,30,,,25,0,39,,23,62,A,6.2,5,31,P,,,,,GENERIC ELECTIVE-II-GEOGRAPHY OF TAMIL NADU,24UGEGE2,100,40,75,,,30,,,25,0,55,,18,73,A+,7.3,3,21.9,P,,,,,NME-II-ADVERTISING,24UCMNM2,100,40,75,,,30,,,25,0,43,,22,65,A,6.5,2,13,P,,,,,DISASTER MANAGEMENT,25UDIM01,100,40,75,,,30,,,25,0,38,,22,60,A,6,1,6,P,,,,,SEC-II INDIAN CONSTITUTION,25UHIS02,100,40,75,,,30,,,25,0,51,,22,73,A+,7.3,1,7.3,P,,,,,GENERAL TAMIL-I,24UGTA01,100,40,75,,,30,,,25,0,15,,12,27,U,0,0,0,RA,,,,,GENERAL ENGLISH-I,24UGEN01,100,40,75,,,30,,,25,0,18,,12,30,U,0,0,0,RA,,,,,NME-I-BUSINESS ORGANISATION ,24UCMNM1,100,40,75,,,30,,,25,0,31,,17,48,C,4.8,2,9.6,P,,,,,,,,,,,,,,,,,,,,,,,,,,,,,,,,,,,,,,,,,,,,,,,,,,,,,,,,,,,,,,,,,,,,,,,,,,,,,,,,,,,,,,,,,,,,,,,,,,,,,,,,,,2025,,
J.K.K.NATARAJA COLLEGE OF ARTS & SCIENCE (AUTONOMOUS),UHI,B.A,HISTORY,2025-2028,25JUGHIS013,,KARTHI M,M,20-01-2008,,,,O,,2026,APRIL,APRIL,,,,II,REGULAR,25,141.7,,756308879161,SEMESTER,,,GENERAL TAMIL-II,24UGTA02,100,40,75,,,30,,,25,0,35,,11,46,C,4.6,3,13.8,P,,,,,GENERAL ENGLISH-II,24UGEN02,100,40,75,,,30,,,25,0,31,,16,47,C,4.7,3,14.1,P,,,,,CORE-III-HISTORY OF MEDIEVAL INDIA 1206-1707 CE,24UHIC03,100,40,75,,,30,,,25,0,36,,23,59,B,5.9,5,29.5,P,,,,,CORE-IV-HISTORY OF TAMIL NADU FROM 1311-1801 CE,24UHIC04,100,40,75,,,30,,,25,0,41,,23,64,A,6.4,5,32,P,,,,,GENERIC ELECTIVE-II-GEOGRAPHY OF TAMIL NADU,24UGEGE2,100,40,75,,,30,,,25,0,48,,22,70,A+,7,3,21,P,,,,,NME-II-ADVERTISING,24UCMNM2,100,40,75,,,30,,,25,0,30,,19,49,C,4.9,2,9.8,P,,,,,DISASTER MANAGEMENT,25UDIM01,100,40,75,,,30,,,25,0,37,,23,60,A,6,1,6,P,,,,,SEC-II INDIAN CONSTITUTION,25UHIS02,100,40,75,,,30,,,25,0,51,,22,73,A+,7.3,1,7.3,P,,,,,GENERAL ENGLISH-I,24UGEN01,100,40,75,,,30,,,25,0,17,,10,27,U,0,0,0,RA,,,,,NME-I-BUSINESS ORGANISATION ,24UCMNM1,100,40,75,,,30,,,25,0,31,,10,41,C,4.1,2,8.2,P,,,,,,,,,,,,,,,,,,,,,,,,,,,,,,,,,,,,,,,,,,,,,,,,,,,,,,,,,,,,,,,,,,,,,,,,,,,,,,,,,,,,,,,,,,,,,,,,,,,,,,,,,,,,,,,,,,,,,,,,,,,,,,,,,,,2025,,
J.K.K.NATARAJA COLLEGE OF ARTS & SCIENCE (AUTONOMOUS),UHI,B.A,HISTORY,2025-2028,25JUGHIS014,,KATHIRVEL B,M,3/6/2008,,,,O,,2026,APRIL,APRIL,,,,II,REGULAR,12,57.7,,686006786163,SEMESTER,,,GENERAL TAMIL-II,24UGTA02,100,40,75,,,30,,,25,0,11,,10,21,U,0,0,0,RA,,,,,GENERAL ENGLISH-II,24UGEN02,100,40,75,,,30,,,25,0,30,,14,44,C,4.4,3,13.2,P,,,,,CORE-III-HISTORY OF MEDIEVAL INDIA 1206-1707 CE,24UHIC03,100,40,75,,,30,,,25,0,19,,10,29,U,0,0,0,RA,,,,,CORE-IV-HISTORY OF TAMIL NADU FROM 1311-1801 CE,24UHIC04,100,40,75,,,30,,,25,0,17,,17,34,U,0,0,0,RA,,,,,GENERIC ELECTIVE-II-GEOGRAPHY OF TAMIL NADU,24UGEGE2,100,40,75,,,30,,,25,0,37,,18,55,B,5.5,3,16.5,P,,,,,NME-II-ADVERTISING,24UCMNM2,100,40,75,,,30,,,25,0,30,,14,44,C,4.4,2,8.8,P,,,,,DISASTER MANAGEMENT,25UDIM01,100,40,75,,,30,,,25,0,30,,18,48,C,4.8,1,4.8,P,,,,,SEC-II INDIAN CONSTITUTION,25UHIS02,100,40,75,,,30,,,25,0,30,,18,48,C,4.8,1,4.8,P,,,,,GENERAL TAMIL-I,24UGTA01,100,40,75,,,30,,,25,0,14,,10,24,U,0,0,0,RA,,,,,GENERAL ENGLISH-I,24UGEN01,100,40,75,,,30,,,25,0,14,,10,24,U,0,0,0,RA,,,,,CORE-I-HISTORY OF ANCIENT INDIA UPTO 1206 CE,24UHIC01,100,40,75,,,30,,,25,0,0,,12,12,U,0,0,0,RA,,,,,SEC-I-INTRODUCTION TO TOURISM,24UHIS01,100,40,75,,,30,,,25,0,34,,14,48,C,4.8,2,9.6,P,,,,,,,,,,,,,,,,,,,,,,,,,,,,,,,,,,,,,,,,,,,,,,,,,,,,,,,,,,,,,,,,,,,,,,,,,,,,,,,,,2025,,
J.K.K.NATARAJA COLLEGE OF ARTS & SCIENCE (AUTONOMOUS),UHI,B.A,HISTORY,2025-2028,25JUGHIS015,,KAVIYA R,F,23-09-2007,,,,O,,2026,APRIL,APRIL,,,,II,REGULAR,23,132.2,,789356082570,SEMESTER,,,GENERAL TAMIL-II,24UGTA02,100,40,75,,,30,,,25,0,32,,13,45,C,4.5,3,13.5,P,,,,,GENERAL ENGLISH-II,24UGEN02,100,40,75,,,30,,,25,0,35,,21,56,B,5.6,3,16.8,P,,,,,CORE-III-HISTORY OF MEDIEVAL INDIA 1206-1707 CE,24UHIC03,100,40,75,,,30,,,25,0,34,,21,55,B,5.5,5,27.5,P,,,,,CORE-IV-HISTORY OF TAMIL NADU FROM 1311-1801 CE,24UHIC04,100,40,75,,,30,,,25,0,42,,22,64,A,6.4,5,32,P,,,,,GENERIC ELECTIVE-II-GEOGRAPHY OF TAMIL NADU,24UGEGE2,100,40,75,,,30,,,25,0,45,,18,63,A,6.3,3,18.9,P,,,,,NME-II-ADVERTISING,24UCMNM2,100,40,75,,,30,,,25,0,39,,16,55,B,5.5,2,11,P,,,,,DISASTER MANAGEMENT,25UDIM01,100,40,75,,,30,,,25,0,40,,22,62,A,6.2,1,6.2,P,,,,,SEC-II INDIAN CONSTITUTION,25UHIS02,100,40,75,,,30,,,25,0,42,,21,63,A,6.3,1,6.3,P,,,,,,,,,,,,,,,,,,,,,,,,,,,,,,,,,,,,,,,,,,,,,,,,,,,,,,,,,,,,,,,,,,,,,,,,,,,,,,,,,,,,,,,,,,,,,,,,,,,,,,,,,,,,,,,,,,,,,,,,,,,,,,,,,,,,,,,,,,,,,,,,,,,,,,,,,,,,,,,,,,,,,,,,,,,,,,,,,,,,,2025,,
J.K.K.NATARAJA COLLEGE OF ARTS & SCIENCE (AUTONOMOUS),UHI,B.A,HISTORY,2025-2028,25JUGHIS016,,MANIKANDAN S,M,7/10/2007,,,,O,,2026,APRIL,APRIL,,,,II,REGULAR,0,0,,682752270019,SEMESTER,,,GENERAL TAMIL-II,24UGTA02,100,40,75,,,30,,,25,0,0,,10,10,U,0,0,0,RA,,,,,GENERAL ENGLISH-II,24UGEN02,100,40,75,,,30,,,25,0,0,,10,10,U,0,0,0,RA,,,,,CORE-III-HISTORY OF MEDIEVAL INDIA 1206-1707 CE,24UHIC03,100,40,75,,,30,,,25,0,0,,10,10,U,0,0,0,RA,,,,,CORE-IV-HISTORY OF TAMIL NADU FROM 1311-1801 CE,24UHIC04,100,40,75,,,30,,,25,0,0,,15,15,U,0,0,0,RA,,,,,GENERIC ELECTIVE-II-GEOGRAPHY OF TAMIL NADU,24UGEGE2,100,40,75,,,30,,,25,0,0,,17,17,U,0,0,0,RA,,,,,NME-II-ADVERTISING,24UCMNM2,100,40,75,,,30,,,25,0,0,,16,16,U,0,0,0,RA,,,,,DISASTER MANAGEMENT,25UDIM01,100,40,75,,,30,,,25,0,0,,14,14,U,0,0,0,RA,,,,,SEC-II INDIAN CONSTITUTION,25UHIS02,100,40,75,,,30,,,25,0,0,,16,16,U,0,0,0,RA,,,,,GENERAL ENGLISH-I,24UGEN01,100,40,75,,,30,,,25,0,0,,10,10,U,0,0,0,RA,,,,,,,,,,,,,,,,,,,,,,,,,,,,,,,,,,,,,,,,,,,,,,,,,,,,,,,,,,,,,,,,,,,,,,,,,,,,,,,,,,,,,,,,,,,,,,,,,,,,,,,,,,,,,,,,,,,,,,,,,,,,,,,,,,,,,,,,,,,,,,,,,,,,,,,,,,,,2025,,
J.K.K.NATARAJA COLLEGE OF ARTS & SCIENCE (AUTONOMOUS),UHI,B.A,HISTORY,2025-2028,25JUGHIS017,,MANISHKUMAR V,M,6/4/2006,,,,O,,2026,APRIL,APRIL,,,,II,REGULAR,0,0,,117347386810,SEMESTER,,,GENERAL TAMIL-II,24UGTA02,100,40,75,,,30,,,25,0,0,,10,10,U,0,0,0,RA,,,,,GENERAL ENGLISH-II,24UGEN02,100,40,75,,,30,,,25,0,0,,15,15,U,0,0,0,RA,,,,,CORE-III-HISTORY OF MEDIEVAL INDIA 1206-1707 CE,24UHIC03,100,40,75,,,30,,,25,0,0,,10,10,U,0,0,0,RA,,,,,CORE-IV-HISTORY OF TAMIL NADU FROM 1311-1801 CE,24UHIC04,100,40,75,,,30,,,25,0,0,,10,10,U,0,0,0,RA,,,,,GENERIC ELECTIVE-II-GEOGRAPHY OF TAMIL NADU,24UGEGE2,100,40,75,,,30,,,25,0,0,,14,14,U,0,0,0,RA,,,,,DISASTER MANAGEMENT,25UDIM01,100,40,75,,,30,,,25,0,0,,10,10,U,0,0,0,RA,,,,,SEC-II INDIAN CONSTITUTION,25UHIS02,100,40,75,,,30,,,25,0,0,,10,10,U,0,0,0,RA,,,,,NME-II-DAIRY CHEMISTRY,24UCHNM2,100,40,75,,,30,,,25,0,0,,7,7,U,0,0,0,RA,,,,,,,,,,,,,,,,,,,,,,,,,,,,,,,,,,,,,,,,,,,,,,,,,,,,,,,,,,,,,,,,,,,,,,,,,,,,,,,,,,,,,,,,,,,,,,,,,,,,,,,,,,,,,,,,,,,,,,,,,,,,,,,,,,,,,,,,,,,,,,,,,,,,,,,,,,,,,,,,,,,,,,,,,,,,,,,,,,,,,2025,,
J.K.K.NATARAJA COLLEGE OF ARTS & SCIENCE (AUTONOMOUS),UHI,B.A,HISTORY,2025-2028,25JUGHIS018,,MANOJKUMAR R,M,25-03-2004,,,,O,,2026,APRIL,APRIL,,,,II,REGULAR,26,144.2,,978517244677,SEMESTER,,,GENERAL TAMIL-II,24UGTA02,100,40,75,,,30,,,25,0,39,,10,49,C,4.9,3,14.7,P,,,,,GENERAL ENGLISH-II,24UGEN02,100,40,75,,,30,,,25,0,33,,11,44,C,4.4,3,13.2,P,,,,,CORE-III-HISTORY OF MEDIEVAL INDIA 1206-1707 CE,24UHIC03,100,40,75,,,30,,,25,0,37,,12,49,C,4.9,5,24.5,P,,,,,CORE-IV-HISTORY OF TAMIL NADU FROM 1311-1801 CE,24UHIC04,100,40,75,,,30,,,25,0,50,,15,65,A,6.5,5,32.5,P,,,,,GENERIC ELECTIVE-II-GEOGRAPHY OF TAMIL NADU,24UGEGE2,100,40,75,,,30,,,25,0,57,,14,71,A+,7.1,3,21.3,P,,,,,NME-II-ADVERTISING,24UCMNM2,100,40,75,,,30,,,25,0,50,,13,63,A,6.3,2,12.6,P,,,,,DISASTER MANAGEMENT,25UDIM01,100,40,75,,,30,,,25,0,52,,15,67,A,6.7,1,6.7,P,,,,,SEC-II INDIAN CONSTITUTION,25UHIS02,100,40,75,,,30,,,25,0,42,,16,58,B,5.8,1,5.8,P,,,,,GENERAL TAMIL-I,24UGTA01,100,40,75,,,30,,,25,0,33,,10,43,C,4.3,3,12.9,P,,,,,,,,,,,,,,,,,,,,,,,,,,,,,,,,,,,,,,,,,,,,,,,,,,,,,,,,,,,,,,,,,,,,,,,,,,,,,,,,,,,,,,,,,,,,,,,,,,,,,,,,,,,,,,,,,,,,,,,,,,,,,,,,,,,,,,,,,,,,,,,,,,,,,,,,,,,,2025,,
J.K.K.NATARAJA COLLEGE OF ARTS & SCIENCE (AUTONOMOUS),UHI,B.A,HISTORY,2025-2028,25JUGHIS019,,NISHA S,F,17-09-2007,,,,O,,2026,APRIL,APRIL,,,,II,REGULAR,18,104.2,,297408824216,SEMESTER,,,GENERAL TAMIL-II,24UGTA02,100,40,75,,,30,,,25,0,30,,11,41,C,4.1,3,12.3,P,,,,,GENERAL ENGLISH-II,24UGEN02,100,40,75,,,30,,,25,0,34,,19,53,B,5.3,3,15.9,P,,,,,CORE-III-HISTORY OF MEDIEVAL INDIA 1206-1707 CE,24UHIC03,100,40,75,,,30,,,25,0,0,,20,20,U,0,0,0,RA,,,,,CORE-IV-HISTORY OF TAMIL NADU FROM 1311-1801 CE,24UHIC04,100,40,75,,,30,,,25,0,44,,20,64,A,6.4,5,32,P,,,,,GENERIC ELECTIVE-II-GEOGRAPHY OF TAMIL NADU,24UGEGE2,100,40,75,,,30,,,25,0,49,,21,70,A+,7,3,21,P,,,,,DISASTER MANAGEMENT,25UDIM01,100,40,75,,,30,,,25,0,49,,21,70,A+,7,1,7,P,,,,,SEC-II INDIAN CONSTITUTION,25UHIS02,100,40,75,,,30,,,25,0,45,,21,66,A,6.6,1,6.6,P,,,,,NME-II-DAIRY CHEMISTRY,24UCHNM2,100,40,75,,,30,,,25,0,38,,9,47,C,4.7,2,9.4,P,,,,,GENERAL ENGLISH-I,24UGEN01,100,40,75,,,30,,,25,0,13,,10,23,U,0,0,0,RA,,,,,,,,,,,,,,,,,,,,,,,,,,,,,,,,,,,,,,,,,,,,,,,,,,,,,,,,,,,,,,,,,,,,,,,,,,,,,,,,,,,,,,,,,,,,,,,,,,,,,,,,,,,,,,,,,,,,,,,,,,,,,,,,,,,,,,,,,,,,,,,,,,,,,,,,,,,,2025,,
J.K.K.NATARAJA COLLEGE OF ARTS & SCIENCE (AUTONOMOUS),UHI,B.A,HISTORY,2025-2028,25JUGHIS021,,RAJESWARI P,F,20-04-2008,,,,O,,2026,APRIL,APRIL,,,,II,REGULAR,17,85.7,,235668411178,SEMESTER,,,GENERAL TAMIL-II,24UGTA02,100,40,75,,,30,,,25,0,32,,10,42,C,4.2,3,12.6,P,,,,,GENERAL ENGLISH-II,24UGEN02,100,40,75,,,30,,,25,0,16,,15,31,U,0,0,0,RA,,,,,CORE-III-HISTORY OF MEDIEVAL INDIA 1206-1707 CE,24UHIC03,100,40,75,,,30,,,25,0,20,,20,40,U,0,0,0,RA,,,,,CORE-IV-HISTORY OF TAMIL NADU FROM 1311-1801 CE,24UHIC04,100,40,75,,,30,,,25,0,32,,22,54,B,5.4,5,27,P,,,,,GENERIC ELECTIVE-II-GEOGRAPHY OF TAMIL NADU,24UGEGE2,100,40,75,,,30,,,25,0,35,,19,54,B,5.4,3,16.2,P,,,,,NME-II-ADVERTISING,24UCMNM2,100,40,75,,,30,,,25,0,30,,20,50,B,5,2,10,P,,,,,DISASTER MANAGEMENT,25UDIM01,100,40,75,,,30,,,25,0,37,,22,59,B,5.9,1,5.9,P,,,,,SEC-II INDIAN CONSTITUTION,25UHIS02,100,40,75,,,30,,,25,0,33,,21,54,B,5.4,1,5.4,P,,,,,GENERAL ENGLISH-I,24UGEN01,100,40,75,,,30,,,25,0,12,,14,26,U,0,0,0,RA,,,,,NME-I-BUSINESS ORGANISATION ,24UCMNM1,100,40,75,,,30,,,25,0,30,,13,43,C,4.3,2,8.6,P,,,,,,,,,,,,,,,,,,,,,,,,,,,,,,,,,,,,,,,,,,,,,,,,,,,,,,,,,,,,,,,,,,,,,,,,,,,,,,,,,,,,,,,,,,,,,,,,,,,,,,,,,,,,,,,,,,,,,,,,,,,,,,,,,,,2025,,
J.K.K.NATARAJA COLLEGE OF ARTS & SCIENCE (AUTONOMOUS),UHI,B.A,HISTORY,2025-2028,25JUGHIS022,,RITHISH M,M,13-02-2008,,,,O,,2026,APRIL,APRIL,,,,II,REGULAR,17,90.3,,317675089100,SEMESTER,,,GENERAL TAMIL-II,24UGTA02,100,40,75,,,30,,,25,0,14,,10,24,U,0,0,0,RA,,,,,GENERAL ENGLISH-II,24UGEN02,100,40,75,,,30,,,25,0,32,,15,47,C,4.7,3,14.1,P,,,,,CORE-III-HISTORY OF MEDIEVAL INDIA 1206-1707 CE,24UHIC03,100,40,75,,,30,,,25,0,19,,22,41,U,0,0,0,RA,,,,,CORE-IV-HISTORY OF TAMIL NADU FROM 1311-1801 CE,24UHIC04,100,40,75,,,30,,,25,0,30,,21,51,B,5.1,5,25.5,P,,,,,GENERIC ELECTIVE-II-GEOGRAPHY OF TAMIL NADU,24UGEGE2,100,40,75,,,30,,,25,0,46,,21,67,A,6.7,3,20.1,P,,,,,NME-II-ADVERTISING,24UCMNM2,100,40,75,,,30,,,25,0,34,,22,56,B,5.6,2,11.2,P,,,,,DISASTER MANAGEMENT,25UDIM01,100,40,75,,,30,,,25,0,34,,20,54,B,5.4,1,5.4,P,,,,,SEC-II INDIAN CONSTITUTION,25UHIS02,100,40,75,,,30,,,25,0,34,,22,56,B,5.6,1,5.6,P,,,,,GENERAL TAMIL-I,24UGTA01,100,40,75,,,30,,,25,0,7,,10,17,U,0,0,0,RA,,,,,GENERAL ENGLISH-I,24UGEN01,100,40,75,,,30,,,25,0,15,,13,28,U,0,0,0,RA,,,,,NME-I-BUSINESS ORGANISATION ,24UCMNM1,100,40,75,,,30,,,25,0,31,,11,42,C,4.2,2,8.4,P,,,,,,,,,,,,,,,,,,,,,,,,,,,,,,,,,,,,,,,,,,,,,,,,,,,,,,,,,,,,,,,,,,,,,,,,,,,,,,,,,,,,,,,,,,,,,,,,,,,,,,,,,,2025,,
J.K.K.NATARAJA COLLEGE OF ARTS & SCIENCE (AUTONOMOUS),UHI,B.A,HISTORY,2025-2028,25JUGHIS023,,SANJAY P,M,14-01-2008,,,,O,,2026,APRIL,APRIL,,,,II,REGULAR,6,29.7,,215930879329,SEMESTER,,,GENERAL TAMIL-II,24UGTA02,100,40,75,,,30,,,25,0,15,,10,25,U,0,0,0,RA,,,,,GENERAL ENGLISH-II,24UGEN02,100,40,75,,,30,,,25,0,31,,16,47,C,4.7,3,14.1,P,,,,,CORE-III-HISTORY OF MEDIEVAL INDIA 1206-1707 CE,24UHIC03,100,40,75,,,30,,,25,0,19,,20,39,U,0,0,0,RA,,,,,CORE-IV-HISTORY OF TAMIL NADU FROM 1311-1801 CE,24UHIC04,100,40,75,,,30,,,25,0,14,,20,34,U,0,0,0,RA,,,,,GENERIC ELECTIVE-II-GEOGRAPHY OF TAMIL NADU,24UGEGE2,100,40,75,,,30,,,25,0,32,,20,52,B,5.2,3,15.6,P,,,,,NME-II-ADVERTISING,24UCMNM2,100,40,75,,,30,,,25,0,14,,14,28,U,0,0,0,RA,,,,,DISASTER MANAGEMENT,25UDIM01,100,40,75,,,30,,,25,0,13,,20,33,U,0,0,0,RA,,,,,SEC-II INDIAN CONSTITUTION,25UHIS02,100,40,75,,,30,,,25,0,11,,20,31,U,0,0,0,RA,,,,,GENERAL TAMIL-I,24UGTA01,100,40,75,,,30,,,25,0,12,,10,22,U,0,0,0,RA,,,,,GENERAL ENGLISH-I,24UGEN01,100,40,75,,,30,,,25,0,14,,10,24,U,0,0,0,RA,,,,,CORE-I-HISTORY OF ANCIENT INDIA UPTO 1206 CE,24UHIC01,100,40,75,,,30,,,25,0,0,,12,12,U,0,0,0,RA,,,,,CORE-II-HISTORY OF TAMIL NADU UPTO 1311 CE,24UHIC02,100,40,75,,,30,,,25,0,14,,11,25,U,0,0,0,RA,,,,,NME-I-BUSINESS ORGANISATION ,24UCMNM1,100,40,75,,,30,,,25,0,7,,10,17,U,0,0,0,RA,,,,,,,,,,,,,,,,,,,,,,,,,,,,,,,,,,,,,,,,,,,,,,,,,,,,,,,,2025,,
J.K.K.NATARAJA COLLEGE OF ARTS & SCIENCE (AUTONOMOUS),UHI,B.A,HISTORY,2025-2028,25JUGHIS024,,SARAVANAVEL S,M,12/11/2008,,,,O,,2026,APRIL,APRIL,,,,II,REGULAR,8,41.8,,529251287945,SEMESTER,,,GENERAL TAMIL-II,24UGTA02,100,40,75,,,30,,,25,0,18,,10,28,U,0,0,0,RA,,,,,GENERAL ENGLISH-II,24UGEN02,100,40,75,,,30,,,25,0,36,,15,51,B,5.1,3,15.3,P,,,,,CORE-III-HISTORY OF MEDIEVAL INDIA 1206-1707 CE,24UHIC03,100,40,75,,,30,,,25,0,14,,22,36,U,0,0,0,RA,,,,,CORE-IV-HISTORY OF TAMIL NADU FROM 1311-1801 CE,24UHIC04,100,40,75,,,30,,,25,0,22,,18,40,U,0,0,0,RA,,,,,GENERIC ELECTIVE-II-GEOGRAPHY OF TAMIL NADU,24UGEGE2,100,40,75,,,30,,,25,0,36,,19,55,B,5.5,3,16.5,P,,,,,NME-II-ADVERTISING,24UCMNM2,100,40,75,,,30,,,25,0,12,,12,24,U,0,0,0,RA,,,,,DISASTER MANAGEMENT,25UDIM01,100,40,75,,,30,,,25,0,30,,17,47,C,4.7,1,4.7,P,,,,,SEC-II INDIAN CONSTITUTION,25UHIS02,100,40,75,,,30,,,25,0,31,,22,53,B,5.3,1,5.3,P,,,,,GENERAL TAMIL-I,24UGTA01,100,40,75,,,30,,,25,0,14,,10,24,U,0,0,0,RA,,,,,GENERAL ENGLISH-I,24UGEN01,100,40,75,,,30,,,25,0,14,,14,28,U,0,0,0,RA,,,,,CORE-II-HISTORY OF TAMIL NADU UPTO 1311 CE,24UHIC02,100,40,75,,,30,,,25,0,17,,21,38,U,0,0,0,RA,,,,,SEC-I-INTRODUCTION TO TOURISM,24UHIS01,100,40,75,,,30,,,25,0,18,,21,39,U,0,0,0,RA,,,,,,,,,,,,,,,,,,,,,,,,,,,,,,,,,,,,,,,,,,,,,,,,,,,,,,,,,,,,,,,,,,,,,,,,,,,,,,,,,2025,,
J.K.K.NATARAJA COLLEGE OF ARTS & SCIENCE (AUTONOMOUS),UHI,B.A,HISTORY,2025-2028,25JUGHIS025,,SATHYAPRIYA P,F,30-04-2008,,,,O,,2026,APRIL,APRIL,,,,II,REGULAR,17,93.1,,465134694577,SEMESTER,,,GENERAL TAMIL-II,24UGTA02,100,40,75,,,30,,,25,0,19,,10,29,U,0,0,0,RA,,,,,GENERAL ENGLISH-II,24UGEN02,100,40,75,,,30,,,25,0,17,,14,31,U,0,0,0,RA,,,,,CORE-III-HISTORY OF MEDIEVAL INDIA 1206-1707 CE,24UHIC03,100,40,75,,,30,,,25,0,30,,23,53,B,5.3,5,26.5,P,,,,,CORE-IV-HISTORY OF TAMIL NADU FROM 1311-1801 CE,24UHIC04,100,40,75,,,30,,,25,0,36,,23,59,B,5.9,5,29.5,P,,,,,GENERIC ELECTIVE-II-GEOGRAPHY OF TAMIL NADU,24UGEGE2,100,40,75,,,30,,,25,0,37,,18,55,B,5.5,3,16.5,P,,,,,NME-II-ADVERTISING,24UCMNM2,100,40,75,,,30,,,25,0,30,,16,46,C,4.6,2,9.2,P,,,,,DISASTER MANAGEMENT,25UDIM01,100,40,75,,,30,,,25,0,33,,23,56,B,5.6,1,5.6,P,,,,,SEC-II INDIAN CONSTITUTION,25UHIS02,100,40,75,,,30,,,25,0,35,,23,58,B,5.8,1,5.8,P,,,,,GENERAL ENGLISH-I,24UGEN01,100,40,75,,,30,,,25,0,15,,15,30,U,0,0,0,RA,,,,,,,,,,,,,,,,,,,,,,,,,,,,,,,,,,,,,,,,,,,,,,,,,,,,,,,,,,,,,,,,,,,,,,,,,,,,,,,,,,,,,,,,,,,,,,,,,,,,,,,,,,,,,,,,,,,,,,,,,,,,,,,,,,,,,,,,,,,,,,,,,,,,,,,,,,,,2025,,
J.K.K.NATARAJA COLLEGE OF ARTS & SCIENCE (AUTONOMOUS),UHI,B.A,HISTORY,2025-2028,25JUGHIS026,,SIBIRAJ S,M,4/5/2005,,,,O,,2026,APRIL,APRIL,,,,II,REGULAR,24,123.4,,141748304938,SEMESTER,,,GENERAL TAMIL-II,24UGTA02,100,40,75,,,30,,,25,0,30,,10,40,C,4,3,12,P,,,,,GENERAL ENGLISH-II,24UGEN02,100,40,75,,,30,,,25,0,30,,17,47,C,4.7,3,14.1,P,,,,,CORE-III-HISTORY OF MEDIEVAL INDIA 1206-1707 CE,24UHIC03,100,40,75,,,30,,,25,0,14,,23,37,U,0,0,0,RA,,,,,CORE-IV-HISTORY OF TAMIL NADU FROM 1311-1801 CE,24UHIC04,100,40,75,,,30,,,25,0,40,,23,63,A,6.3,5,31.5,P,,,,,GENERIC ELECTIVE-II-GEOGRAPHY OF TAMIL NADU,24UGEGE2,100,40,75,,,30,,,25,0,41,,19,60,A,6,3,18,P,,,,,NME-II-ADVERTISING,24UCMNM2,100,40,75,,,30,,,25,0,30,,16,46,C,4.6,2,9.2,P,,,,,DISASTER MANAGEMENT,25UDIM01,100,40,75,,,30,,,25,0,37,,23,60,A,6,1,6,P,,,,,SEC-II INDIAN CONSTITUTION,25UHIS02,100,40,75,,,30,,,25,0,40,,22,62,A,6.2,1,6.2,P,,,,,GENERAL TAMIL-I,24UGTA01,100,40,75,,,30,,,25,0,30,,13,43,C,4.3,3,12.9,P,,,,,GENERAL ENGLISH-I,24UGEN01,100,40,75,,,30,,,25,0,10,,14,24,U,0,0,0,RA,,,,,GENERIC ELECTIVE-I-GEOGRAPHY OF INDIA,24UGEGE1,100,40,75,,,30,,,25,0,31,,14,45,C,4.5,3,13.5,P,,,,,,,,,,,,,,,,,,,,,,,,,,,,,,,,,,,,,,,,,,,,,,,,,,,,,,,,,,,,,,,,,,,,,,,,,,,,,,,,,,,,,,,,,,,,,,,,,,,,,,,,,,2025,,
J.K.K.NATARAJA COLLEGE OF ARTS & SCIENCE (AUTONOMOUS),UHI,B.A,HISTORY,2025-2028,25JUGHIS027,,SRIMATHI P,F,26-06-2008,,,,O,,2026,APRIL,APRIL,,,,II,REGULAR,15,78.1,,395841843911,SEMESTER,,,GENERAL TAMIL-II,24UGTA02,100,40,75,,,30,,,25,0,13,,10,23,U,0,0,0,RA,,,,,GENERAL ENGLISH-II,24UGEN02,100,40,75,,,30,,,25,0,14,,17,31,U,0,0,0,RA,,,,,CORE-III-HISTORY OF MEDIEVAL INDIA 1206-1707 CE,24UHIC03,100,40,75,,,30,,,25,0,11,,22,33,U,0,0,0,RA,,,,,CORE-IV-HISTORY OF TAMIL NADU FROM 1311-1801 CE,24UHIC04,100,40,75,,,30,,,25,0,31,,20,51,B,5.1,5,25.5,P,,,,,GENERIC ELECTIVE-II-GEOGRAPHY OF TAMIL NADU,24UGEGE2,100,40,75,,,30,,,25,0,42,,19,61,A,6.1,3,18.3,P,,,,,NME-II-ADVERTISING,24UCMNM2,100,40,75,,,30,,,25,0,30,,18,48,C,4.8,2,9.6,P,,,,,DISASTER MANAGEMENT,25UDIM01,100,40,75,,,30,,,25,0,30,,21,51,B,5.1,1,5.1,P,,,,,SEC-II INDIAN CONSTITUTION,25UHIS02,100,40,75,,,30,,,25,0,30,,22,52,B,5.2,1,5.2,P,,,,,GENERAL TAMIL-I,24UGTA01,100,40,75,,,30,,,25,0,11,,10,21,U,0,0,0,RA,,,,,GENERAL ENGLISH-I,24UGEN01,100,40,75,,,30,,,25,0,11,,13,24,U,0,0,0,RA,,,,,CORE-I-HISTORY OF ANCIENT INDIA UPTO 1206 CE,24UHIC01,100,40,75,,,30,,,25,0,16,,23,39,U,0,0,0,RA,,,,,CORE-II-HISTORY OF TAMIL NADU UPTO 1311 CE,24UHIC02,100,40,75,,,30,,,25,0,13,,23,36,U,0,0,0,RA,,,,,GENERIC ELECTIVE-I-GEOGRAPHY OF INDIA,24UGEGE1,100,40,75,,,30,,,25,0,32,,16,48,C,4.8,3,14.4,P,,,,,NME-I-BUSINESS ORGANISATION ,24UCMNM1,100,40,75,,,30,,,25,0,14,,10,24,U,0,0,0,RA,,,,,SEC-I-INTRODUCTION TO TOURISM,24UHIS01,100,40,75,,,30,,,25,0,20,,22,42,U,0,0,0,RA,,,,,,2025,,
J.K.K.NATARAJA COLLEGE OF ARTS & SCIENCE (AUTONOMOUS),UHI,B.A,HISTORY,2025-2028,25JUGHIS028,,SUBIKSHA A,F,10/7/2007,,,,O,,2026,APRIL,APRIL,,,,II,REGULAR,19,111.6,,904648053238,SEMESTER,,,GENERAL TAMIL-II,24UGTA02,100,40,75,,,30,,,25,0,15,,10,25,U,0,0,0,RA,,,,,GENERAL ENGLISH-II,24UGEN02,100,40,75,,,30,,,25,0,10,,19,29,U,0,0,0,RA,,,,,CORE-III-HISTORY OF MEDIEVAL INDIA 1206-1707 CE,24UHIC03,100,40,75,,,30,,,25,0,31,,23,54,B,5.4,5,27,P,,,,,CORE-IV-HISTORY OF TAMIL NADU FROM 1311-1801 CE,24UHIC04,100,40,75,,,30,,,25,0,46,,23,69,A,6.9,5,34.5,P,,,,,GENERIC ELECTIVE-II-GEOGRAPHY OF TAMIL NADU,24UGEGE2,100,40,75,,,30,,,25,0,42,,20,62,A,6.2,3,18.6,P,,,,,NME-II-ADVERTISING,24UCMNM2,100,40,75,,,30,,,25,0,30,,16,46,C,4.6,2,9.2,P,,,,,DISASTER MANAGEMENT,25UDIM01,100,40,75,,,30,,,25,0,49,,22,71,A+,7.1,1,7.1,P,,,,,SEC-II INDIAN CONSTITUTION,25UHIS02,100,40,75,,,30,,,25,0,32,,20,52,B,5.2,1,5.2,P,,,,,GENERAL TAMIL-I,24UGTA01,100,40,75,,,30,,,25,0,16,,10,26,U,0,0,0,RA,,,,,GENERAL ENGLISH-I,24UGEN01,100,40,75,,,30,,,25,0,10,,15,25,U,0,0,0,RA,,,,,NME-I-BUSINESS ORGANISATION ,24UCMNM1,100,40,75,,,30,,,25,0,30,,20,50,B,5,2,10,P,,,,,,,,,,,,,,,,,,,,,,,,,,,,,,,,,,,,,,,,,,,,,,,,,,,,,,,,,,,,,,,,,,,,,,,,,,,,,,,,,,,,,,,,,,,,,,,,,,,,,,,,,,2025,,
J.K.K.NATARAJA COLLEGE OF ARTS & SCIENCE (AUTONOMOUS),UHI,B.A,HISTORY,2025-2028,25JUGHIS030,,YOGESHWARAN C,M,5/8/2006,,,,O,,2026,APRIL,APRIL,,,,II,REGULAR,15,80.9,,179729305759,SEMESTER,,,GENERAL TAMIL-II,24UGTA02,100,40,75,,,30,,,25,0,7,,10,17,U,0,0,0,RA,,,,,GENERAL ENGLISH-II,24UGEN02,100,40,75,,,30,,,25,0,10,,14,24,U,0,0,0,RA,,,,,CORE-III-HISTORY OF MEDIEVAL INDIA 1206-1707 CE,24UHIC03,100,40,75,,,30,,,25,0,33,,17,50,B,5,5,25,P,,,,,CORE-IV-HISTORY OF TAMIL NADU FROM 1311-1801 CE,24UHIC04,100,40,75,,,30,,,25,0,44,,17,61,A,6.1,5,30.5,P,,,,,GENERIC ELECTIVE-II-GEOGRAPHY OF TAMIL NADU,24UGEGE2,100,40,75,,,30,,,25,0,32,,17,49,C,4.9,3,14.7,P,,,,,NME-II-ADVERTISING,24UCMNM2,100,40,75,,,30,,,25,0,13,,14,27,U,0,0,0,RA,,,,,DISASTER MANAGEMENT,25UDIM01,100,40,75,,,30,,,25,0,30,,18,48,C,4.8,1,4.8,P,,,,,SEC-II INDIAN CONSTITUTION,25UHIS02,100,40,75,,,30,,,25,0,41,,18,59,B,5.9,1,5.9,P,,,,,GENERAL TAMIL-I,24UGTA01,100,40,75,,,30,,,25,0,11,,10,21,U,0,0,0,RA,,,,,GENERAL ENGLISH-I,24UGEN01,100,40,75,,,30,,,25,0,13,,10,23,U,0,0,0,RA,,,,,NME-I-BUSINESS ORGANISATION ,24UCMNM1,100,40,75,,,30,,,25,0,8,,10,18,U,0,0,0,RA,,,,,,,,,,,,,,,,,,,,,,,,,,,,,,,,,,,,,,,,,,,,,,,,,,,,,,,,,,,,,,,,,,,,,,,,,,,,,,,,,,,,,,,,,,,,,,,,,,,,,,,,,,2025,,
